Tanggal,Harga,Harga_diff,Temperature,Rainfall,WindSpeed,Month,Day,Weekday,Lag1,Lag3,Lag7,MA7,MA14,MA30,STD7,STD14,Momentum7,Lag14,Lag30,Rain7,WeekOfYear,EMA7,EMA14,Max7,Min7,Range7
2025-07-29,30650.0,0.0,28.0,0.1,24.7,7,29,1,,,,,,,,,,,,,31,30650.0,30650.0,,,
2025-07-30,30650.0,0.0,27.6,0.0,26.2,7,30,2,30650.0,,,,,,,,,,,,31,30650.0,30650.0,,,
2025-07-31,30650.0,0.0,27.9,0.0,23.1,7,31,3,30650.0,,,,,,,,,,,,31,30650.0,30650.0,,,
2025-08-01,30650.0,0.0,28.1,0.0,16.1,8,1,4,30650.0,30650.0,,,,,,,,,,,31,30650.0,30650.0,,,
2025-08-04,30650.0,0.0,27.6,0.6,18.5,8,4,0,30650.0,30650.0,,,,,,,,,,,32,30650.0,30650.0,,,
2025-08-05,30650.0,0.0,27.3,0.2,15.9,8,5,1,30650.0,30650.0,,,,,,,,,,,32,30650.0,30650.0,,,
2025-08-06,30650.0,0.0,27.0,0.0,17.9,8,6,2,30650.0,30650.0,,30650.0,,,0.0,,,,,0.8999999999999999,32,30650.0,30650.0,30650.0,30650.0,0.0
2025-08-07,30650.0,0.0,26.9,0.0,16.6,8,7,3,30650.0,30650.0,30650.0,30650.0,,,0.0,,0.0,,,0.8,32,30650.0,30650.0,30650.0,30650.0,0.0
2025-08-08,30650.0,0.0,27.8,0.0,11.7,8,8,4,30650.0,30650.0,30650.0,30650.0,,,0.0,,0.0,,,0.8,32,30650.0,30650.0,30650.0,30650.0,0.0
2025-08-11,30650.0,0.0,27.6,1.0,20.9,8,11,0,30650.0,30650.0,30650.0,30650.0,,,0.0,,0.0,,,1.8,33,30650.0,30650.0,30650.0,30650.0,0.0
2025-08-12,30650.0,0.0,27.0,1.6,19.7,8,12,1,30650.0,30650.0,30650.0,30650.0,,,0.0,,0.0,,,3.4000000000000004,33,30650.0,30650.0,30650.0,30650.0,0.0
2025-08-13,30650.0,0.0,26.8,1.0,15.1,8,13,2,30650.0,30650.0,30650.0,30650.0,,,0.0,,0.0,,,3.8,33,30650.0,30650.0,30650.0,30650.0,0.0
2025-08-14,30650.0,0.0,27.3,0.0,24.8,8,14,3,30650.0,30650.0,30650.0,30650.0,,,0.0,,0.0,,,3.6000000000000005,33,30650.0,30650.0,30650.0,30650.0,0.0
2025-08-15,30650.0,0.0,27.1,0.0,23.6,8,15,4,30650.0,30650.0,30650.0,30650.0,30650.0,,0.0,0.0,0.0,,,3.6000000000000005,33,30650.0,30650.0,30650.0,30650.0,0.0
2025-08-18,30650.0,0.0,27.5,0.6,17.8,8,18,0,30650.0,30650.0,30650.0,30650.0,30650.0,,0.0,0.0,0.0,30650.0,,4.2,34,30650.0,30650.0,30650.0,30650.0,0.0
2025-08-19,30650.0,0.0,25.7,39.6,15.5,8,19,1,30650.0,30650.0,30650.0,30650.0,30650.0,,0.0,0.0,0.0,30650.0,,43.800000000000004,34,30650.0,30650.0,30650.0,30650.0,0.0
2025-08-20,30650.0,0.0,25.7,1.2,9.2,8,20,2,30650.0,30650.0,30650.0,30650.0,30650.0,,0.0,0.0,0.0,30650.0,,44.00000000000001,34,30650.0,30650.0,30650.0,30650.0,0.0
2025-08-21,30650.0,0.0,25.9,1.0,11.8,8,21,3,30650.0,30650.0,30650.0,30650.0,30650.0,,0.0,0.0,0.0,30650.0,,43.400000000000006,34,30650.0,30650.0,30650.0,30650.0,0.0
2025-08-22,30650.0,0.0,26.6,0.2,16.1,8,22,4,30650.0,30650.0,30650.0,30650.0,30650.0,,0.0,0.0,0.0,30650.0,,42.6,34,30650.0,30650.0,30650.0,30650.0,0.0
2025-08-25,22000.0,-8650.0,26.8,0.0,20.0,8,25,0,30650.0,30650.0,30650.0,29414.285714285714,30032.14285714286,,3269.3926915298152,2311.809742542471,-8650.0,30650.0,,42.6,35,28480.62043763174,29426.754033864898,30650.0,22000.0,8650.0
2025-08-26,22000.0,0.0,27.0,0.0,22.1,8,26,1,22000.0,30650.0,30650.0,28178.571428571428,29414.285714285714,,4220.767815502406,3141.1308945510855,-8650.0,30650.0,,42.6,35,26856.602750013793,28384.914821023627,30650.0,22000.0,8650.0
2025-08-27,22000.0,0.0,27.4,0.1,27.3,8,27,2,22000.0,30650.0,30650.0,26942.85714285714,28796.428571428572,,4623.6194850849415,3683.30246286767,-8650.0,30650.0,,42.1,35,25640.28238206962,27495.407604646032,30650.0,22000.0,8650.0
2025-08-28,22000.0,0.0,27.3,0.0,26.4,8,28,3,22000.0,22000.0,30650.0,25707.14285714286,28178.571428571428,,4623.6194850849415,4055.1825476179874,-8650.0,30650.0,,2.5,35,24728.992612944665,26734.372485366504,30650.0,22000.0,8650.0
2025-08-29,22000.0,0.0,27.4,2.0,26.9,8,29,4,22000.0,22000.0,30650.0,24471.428571428572,27560.714285714286,,4220.767815502406,4301.170617555029,-8650.0,30650.0,,3.3,35,24046.059210289124,26082.090578656836,30650.0,22000.0,8650.0
2025-09-01,22000.0,0.0,27.4,0.0,19.2,9,1,0,22000.0,22000.0,30650.0,23235.714285714286,26942.85714285714,,3269.3926915298157,4442.22991226328,-8650.0,30650.0,,2.3,36,23534.15918069834,25522.164772407807,30650.0,22000.0,8650.0
2025-09-02,22000.0,0.0,28.0,0.0,20.6,9,2,1,22000.0,22000.0,30650.0,22000.0,26325.0,,0.0,4488.264612382974,-8650.0,30650.0,,2.0999999999999996,36,23150.402790503027,25040.886778873253,22000.0,22000.0,0.0
2025-09-03,22000.0,0.0,28.0,0.0,17.8,9,3,2,22000.0,22000.0,22000.0,22000.0,25707.14285714286,,0.0,4442.229912263283,0.0,30650.0,,2.0999999999999996,36,22862.68029830768,24626.742437134373,22000.0,22000.0,0.0
2025-09-04,22000.0,0.0,28.1,2.1,20.6,9,4,3,22000.0,22000.0,22000.0,22000.0,25089.285714285714,,0.0,4301.170617555034,0.0,30650.0,,4.2,36,22646.941731207662,24270.020961378654,22000.0,22000.0,0.0
2025-09-05,22000.0,0.0,28.4,0.0,21.5,9,5,4,22000.0,22000.0,22000.0,22000.0,24471.428571428572,,0.0,4055.182547617995,0.0,30650.0,,4.1000000000000005,36,22485.167778498268,23962.50329713354,22000.0,22000.0,0.0
2025-09-08,22000.0,0.0,28.3,0.0,25.7,9,8,0,22000.0,22000.0,22000.0,22000.0,23853.571428571428,27478.333333333332,0.0,3683.3024628676803,0.0,30650.0,,4.1000000000000005,37,22363.85416943583,23697.211367588723,22000.0,22000.0,0.0
2025-09-09,22000.0,0.0,28.3,0.3,26.7,9,9,1,22000.0,22000.0,22000.0,22000.0,23235.714285714286,27190.0,0.0,3141.1308945510996,0.0,30650.0,30650.0,2.4000000000000004,37,22272.878442100213,23468.204684920045,22000.0,22000.0,0.0
2025-09-10,22000.0,0.0,28.0,1.5,23.1,9,10,2,22000.0,22000.0,22000.0,22000.0,22617.85714285714,26901.666666666668,0.0,2311.809742542493,0.0,30650.0,30650.0,3.9000000000000004,37,22204.65197806135,23270.414170545166,22000.0,22000.0,0.0
2025-09-11,22000.0,0.0,27.4,0.5,13.1,9,11,3,22000.0,22000.0,22000.0,22000.0,22000.0,26613.333333333332,0.0,0.0,0.0,30650.0,30650.0,4.4,37,22153.485128670407,23099.50547570443,22000.0,22000.0,0.0
2025-09-12,22000.0,0.0,28.3,0.6,19.1,9,12,4,22000.0,22000.0,22000.0,22000.0,22000.0,26325.0,0.0,0.0,0.0,22000.0,30650.0,5.000000000000001,37,22115.111678230576,22951.765891633968,22000.0,22000.0,0.0
2025-09-15,22000.0,0.0,28.3,0.2,25.9,9,15,0,22000.0,22000.0,22000.0,22000.0,22000.0,26036.666666666668,0.0,0.0,0.0,22000.0,30650.0,3.1000000000000005,38,22086.332539060008,22824.01027324704,22000.0,22000.0,0.0
2025-09-16,22000.0,0.0,28.2,0.8,20.9,9,16,1,22000.0,22000.0,22000.0,22000.0,22000.0,25748.333333333332,0.0,0.0,0.0,22000.0,30650.0,3.9000000000000004,38,22064.748718279694,22713.5024009579,22000.0,22000.0,0.0
2025-09-17,22000.0,0.0,28.2,1.2,23.1,9,17,2,22000.0,22000.0,22000.0,22000.0,22000.0,25460.0,0.0,0.0,0.0,22000.0,30650.0,5.1000000000000005,38,22048.561152833314,22617.88896280679,22000.0,22000.0,0.0
2025-09-18,22000.0,0.0,27.7,2.8,21.6,9,18,3,22000.0,22000.0,22000.0,22000.0,22000.0,25171.666666666668,0.0,0.0,0.0,22000.0,30650.0,7.6000000000000005,38,22036.420647572497,22535.14391773824,22000.0,22000.0,0.0
2025-09-19,22000.0,0.0,29.0,1.0,19.4,9,19,4,22000.0,22000.0,22000.0,22000.0,22000.0,24883.333333333332,0.0,0.0,0.0,22000.0,30650.0,7.1000000000000005,38,22027.315363588623,22463.521446862153,22000.0,22000.0,0.0
2025-09-22,22000.0,0.0,28.4,0.0,21.2,9,22,0,22000.0,22000.0,22000.0,22000.0,22000.0,24595.0,0.0,0.0,0.0,22000.0,30650.0,6.6000000000000005,39,22020.486454015958,22401.51604614122,22000.0,22000.0,0.0
2025-09-23,22000.0,0.0,28.9,0.0,23.2,9,23,1,22000.0,22000.0,22000.0,22000.0,22000.0,24306.666666666668,0.0,0.0,0.0,22000.0,30650.0,6.0,39,22015.36480188222,22347.82858553741,22000.0,22000.0,0.0
2025-09-24,22000.0,0.0,28.6,0.2,23.5,9,24,2,22000.0,22000.0,22000.0,22000.0,22000.0,24018.333333333332,0.0,0.0,0.0,22000.0,30650.0,6.000000000000001,39,22011.52357968253,22301.337374124876,22000.0,22000.0,0.0
2025-09-25,20000.0,-2000.0,29.2,0.3,23.7,9,25,3,22000.0,22000.0,22000.0,21714.285714285714,21857.14285714286,23663.333333333332,755.9289460184552,534.5224838249599,-2000.0,22000.0,30650.0,5.5,39,21508.640551219367,21993.838532830403,22000.0,20000.0,2000.0
2025-09-26,20000.0,0.0,29.3,0.0,25.6,9,26,4,20000.0,22000.0,22000.0,21428.571428571428,21714.285714285714,23308.333333333332,975.9000729485332,726.2730392026463,-2000.0,22000.0,30650.0,4.300000000000001,39,21131.479213299823,21727.502575509243,22000.0,20000.0,2000.0
2025-09-29,20000.0,0.0,28.8,0.8,25.1,9,29,0,20000.0,22000.0,22000.0,21142.85714285714,21571.428571428572,22953.333333333332,1069.0449676496971,851.6306272527122,-2000.0,22000.0,30650.0,2.3000000000000007,40,20848.6087349116,21496.800434130277,22000.0,20000.0,2000.0
2025-09-30,20000.0,0.0,26.7,10.5,16.8,9,30,1,20000.0,20000.0,22000.0,20857.14285714286,21428.571428571428,22598.333333333332,1069.0449676496971,937.6144618770569,-2000.0,22000.0,30650.0,11.8,40,20636.45617146114,21296.950412140144,22000.0,20000.0,2000.0
2025-10-01,20000.0,0.0,27.1,11.5,23.5,10,1,2,20000.0,20000.0,22000.0,20571.428571428572,21285.714285714286,22243.333333333332,975.9000729485332,994.4903161977563,-2000.0,22000.0,30650.0,23.3,40,20477.34191500214,21123.815992768683,22000.0,20000.0,2000.0
2025-10-02,20000.0,0.0,28.7,0.0,13.4,10,2,3,20000.0,20000.0,22000.0,20285.714285714286,21142.85714285714,21888.333333333332,755.9289460184551,1027.1051820262514,-2000.0,22000.0,30650.0,23.3,40,20358.006316105235,20973.81791011056,22000.0,20000.0,2000.0
2025-10-03,20000.0,0.0,28.8,0.0,19.1,10,3,4,20000.0,20000.0,22000.0,20000.0,21000.0,21533.333333333332,0.0,1037.7490433256012,-2000.0,22000.0,30650.0,23.1,40,20268.504669496633,20843.858421106455,20000.0,20000.0,0.0
2025-10-06,20000.0,0.0,28.6,0.0,20.6,10,6,0,20000.0,20000.0,20000.0,20000.0,20857.14285714286,21466.666666666668,0.0,1027.1051820262503,0.0,22000.0,22000.0,22.8,41,20201.378464107453,20731.256031882403,20000.0,20000.0,0.0
2025-10-07,20000.0,0.0,28.9,0.0,17.7,10,7,1,20000.0,20000.0,20000.0,20000.0,20714.285714285714,21400.0,0.0,994.4903161977542,0.0,22000.0,22000.0,22.8,41,20151.03382669715,20633.689194942664,20000.0,20000.0,0.0
2025-10-08,20000.0,0.0,29.2,0.0,25.3,10,8,2,20000.0,20000.0,20000.0,20000.0,20571.428571428572,21333.333333333332,0.0,937.6144618770535,0.0,22000.0,22000.0,22.0,41,20113.275357994677,20549.147714043,20000.0,20000.0,0.0
2025-10-09,20000.0,0.0,28.4,0.8,23.3,10,9,3,20000.0,20000.0,20000.0,20000.0,20428.571428571428,21266.666666666668,0.0,851.6306272527073,0.0,22000.0,22000.0,12.3,41,20084.956511730157,20475.89077883594,20000.0,20000.0,0.0
2025-10-10,20000.0,0.0,28.6,0.2,21.3,10,10,4,20000.0,20000.0,20000.0,20000.0,20285.714285714286,21200.0,0.0,726.273039202639,0.0,22000.0,22000.0,1.0,41,20063.717379991827,20412.410707697632,20000.0,20000.0,0.0
2025-10-13,20000.0,0.0,29.3,0.2,16.0,10,13,0,20000.0,20000.0,20000.0,20000.0,20142.85714285714,21133.333333333332,0.0,534.522483824948,0.0,22000.0,22000.0,1.2000000000000002,42,20047.788032853114,20357.40160945185,20000.0,20000.0,0.0
2025-10-14,20000.0,0.0,29.7,0.1,18.3,10,14,1,20000.0,20000.0,20000.0,20000.0,20000.0,21066.666666666668,0.0,0.0,0.0,22000.0,22000.0,1.3,42,20035.84102343566,20309.732287003186,20000.0,20000.0,0.0
2025-10-15,20000.0,0.0,28.8,6.2,16.3,10,15,2,20000.0,20000.0,20000.0,20000.0,20000.0,21000.0,0.0,0.0,0.0,20000.0,22000.0,7.5,42,20026.880766899398,20268.42280144384,20000.0,20000.0,0.0
2025-10-16,20000.0,0.0,29.1,1.1,18.2,10,16,3,20000.0,20000.0,20000.0,20000.0,20000.0,20933.333333333332,0.0,0.0,0.0,20000.0,22000.0,8.6,42,20020.16057479354,20232.624196684897,20000.0,20000.0,0.0
2025-10-17,20000.0,0.0,29.3,0.2,19.0,10,17,4,20000.0,20000.0,20000.0,20000.0,20000.0,20866.666666666668,0.0,0.0,0.0,20000.0,22000.0,8.8,42,20015.120430880837,20201.60095429269,20000.0,20000.0,0.0
2025-10-20,20000.0,0.0,28.7,6.7,20.5,10,20,0,20000.0,20000.0,20000.0,20000.0,20000.0,20800.0,0.0,0.0,0.0,20000.0,22000.0,14.7,43,20011.340323040073,20174.71580781321,20000.0,20000.0,0.0
2025-10-21,20000.0,0.0,27.0,7.2,11.2,10,21,1,20000.0,20000.0,20000.0,20000.0,20000.0,20733.333333333332,0.0,0.0,0.0,20000.0,22000.0,21.7,43,20008.505242212243,20151.416596966326,20000.0,20000.0,0.0
2025-10-22,20000.0,0.0,26.7,5.0,10.5,10,22,2,20000.0,20000.0,20000.0,20000.0,20000.0,20666.666666666668,0.0,0.0,0.0,20000.0,22000.0,26.5,43,20006.378931621042,20131.22488595989,20000.0,20000.0,0.0
2025-10-23,20000.0,0.0,27.2,1.2,12.7,10,23,3,20000.0,20000.0,20000.0,20000.0,20000.0,20600.0,0.0,0.0,0.0,20000.0,22000.0,27.599999999999998,43,20004.784198694328,20113.726107880022,20000.0,20000.0,0.0
2025-10-24,24000.0,4000.0,27.4,0.7,17.4,10,24,4,20000.0,20000.0,20000.0,20571.428571428572,20285.714285714286,20666.666666666668,1511.857892036909,1069.0449676497497,4000.0,20000.0,22000.0,22.1,43,21003.588159099367,20631.950542465493,24000.0,20000.0,4000.0
2025-10-27,24000.0,0.0,27.5,1.7,13.2,10,27,0,24000.0,20000.0,20000.0,21142.85714285714,20571.428571428572,20733.333333333332,1951.8001458970662,1452.5460784051677,4000.0,20000.0,22000.0,22.7,44,21752.69112499375,21081.064799604024,24000.0,20000.0,4000.0
2025-10-28,24000.0,0.0,26.6,23.4,10.7,10,28,1,24000.0,20000.0,20000.0,21714.285714285714,20857.14285714286,20800.0,2138.0899352993943,1703.2612545053194,4000.0,20000.0,22000.0,45.9,44,22314.51834693425,21470.286951501257,24000.0,20000.0,4000.0
2025-10-29,24000.0,0.0,27.0,3.1,7.9,10,29,2,24000.0,24000.0,20000.0,22285.714285714286,21142.85714285714,20866.666666666668,2138.089935299393,1875.2289237540206,4000.0,20000.0,22000.0,42.300000000000004,44,22735.88876199446,21807.605152205426,24000.0,20000.0,4000.0
2025-10-30,24000.0,0.0,27.2,3.2,10.9,10,30,3,24000.0,24000.0,20000.0,22857.14285714286,21428.571428571428,20933.333333333332,1951.8001458970627,1988.9806323954274,4000.0,20000.0,22000.0,38.3,44,23051.916572504848,22099.941836278194,24000.0,20000.0,4000.0
2025-10-31,24000.0,0.0,27.0,9.1,10.7,10,31,4,24000.0,24000.0,20000.0,23428.571428571428,21714.285714285714,21000.0,1511.8578920369018,2054.2103640524233,4000.0,20000.0,22000.0,42.4,44,23288.9374299462,22353.29597212804,24000.0,20000.0,4000.0
2025-11-03,24000.0,0.0,27.1,10.9,7.9,11,3,0,24000.0,24000.0,20000.0,24000.0,22000.0,21066.666666666668,0.0,2075.4980866511273,4000.0,20000.0,22000.0,52.099999999999994,45,23466.703072778902,22572.86630904495,24000.0,24000.0,0.0
2025-11-04,24000.0,0.0,27.2,6.6,6.3,11,4,1,24000.0,24000.0,24000.0,24000.0,22285.714285714286,21133.333333333332,0.0,2054.2103640524288,0.0,20000.0,22000.0,58.0,45,23600.027304763757,22763.158161867173,24000.0,24000.0,0.0
2025-11-05,24000.0,0.0,26.1,23.5,11.8,11,5,2,24000.0,24000.0,24000.0,24000.0,22571.428571428572,21200.0,0.0,1988.9806323954388,0.0,20000.0,22000.0,79.8,45,23700.020478673832,22928.075935589844,24000.0,24000.0,0.0
2025-11-06,24000.0,0.0,26.8,9.8,12.8,11,6,3,24000.0,24000.0,24000.0,24000.0,22857.14285714286,21333.333333333332,0.0,1875.228923754039,0.0,20000.0,20000.0,66.2,45,23775.015359062192,23071.003296759536,24000.0,24000.0,0.0
2025-11-07,24000.0,0.0,26.4,9.3,12.9,11,7,4,24000.0,24000.0,24000.0,24000.0,23142.85714285714,21466.666666666668,0.0,1703.2612545053462,0.0,20000.0,20000.0,72.4,45,23831.261519328604,23194.872642882474,24000.0,24000.0,0.0
2025-11-10,24000.0,0.0,27.2,12.1,11.6,11,10,0,24000.0,24000.0,24000.0,24000.0,23428.571428571428,21600.0,0.0,1452.5460784052063,0.0,20000.0,20000.0,81.3,46,23873.44613951443,23302.225299881607,24000.0,24000.0,0.0
2025-11-11,24000.0,0.0,26.2,26.7,11.5,11,11,1,24000.0,24000.0,24000.0,24000.0,23714.285714285714,21733.333333333332,0.0,1069.0449676498113,0.0,20000.0,20000.0,98.9,46,23905.084604645937,23395.263686193648,24000.0,24000.0,0.0
2025-11-12,24000.0,0.0,24.9,26.9,6.9,11,12,2,24000.0,24000.0,24000.0,24000.0,24000.0,21866.666666666668,0.0,0.0,0.0,20000.0,20000.0,114.89999999999999,46,23928.813453490144,23475.89651637132,24000.0,24000.0,0.0
2025-11-13,24000.0,0.0,24.8,10.0,6.6,11,13,3,24000.0,24000.0,24000.0,24000.0,24000.0,22000.0,0.0,0.0,0.0,24000.0,20000.0,118.3,46,23946.610090120805,23545.77797357161,24000.0,24000.0,0.0
2025-11-14,24000.0,0.0,25.4,7.4,6.7,11,14,4,24000.0,24000.0,24000.0,24000.0,24000.0,22133.333333333332,0.0,0.0,0.0,24000.0,20000.0,102.2,46,23959.957567592402,23606.34165606606,24000.0,24000.0,0.0
2025-11-17,24000.0,0.0,26.3,9.0,9.4,11,17,0,24000.0,24000.0,24000.0,24000.0,24000.0,22266.666666666668,0.0,0.0,0.0,24000.0,20000.0,101.4,47,23969.968175695314,23658.82999531175,24000.0,24000.0,0.0
2025-11-18,24000.0,0.0,26.1,19.2,8.8,11,18,1,24000.0,24000.0,24000.0,24000.0,24000.0,22400.0,0.0,0.0,0.0,24000.0,20000.0,111.29999999999998,47,23977.476131772055,23704.319749932052,24000.0,24000.0,0.0
2025-11-19,24000.0,0.0,26.0,20.0,9.7,11,19,2,24000.0,24000.0,24000.0,24000.0,24000.0,22533.333333333332,0.0,0.0,0.0,24000.0,20000.0,119.19999999999999,47,23983.10709882936,23743.744099237407,24000.0,24000.0,0.0
2025-11-20,24000.0,0.0,26.3,17.5,7.6,11,20,3,24000.0,24000.0,24000.0,24000.0,24000.0,22666.666666666668,0.0,0.0,0.0,24000.0,20000.0,110.0,47,23987.3303241222,23777.911789995163,24000.0,24000.0,0.0
2025-11-21,24000.0,0.0,26.3,17.6,10.2,11,21,4,24000.0,24000.0,24000.0,24000.0,24000.0,22800.0,0.0,0.0,0.0,24000.0,20000.0,100.7,47,23990.49774309175,23807.52372958454,24000.0,24000.0,0.0
2025-11-24,24000.0,0.0,26.1,2.7,6.7,11,24,0,24000.0,24000.0,24000.0,24000.0,24000.0,22933.333333333332,0.0,0.0,0.0,24000.0,20000.0,93.4,48,23992.87330731887,23833.18736619598,24000.0,24000.0,0.0
2025-11-25,19650.0,-4350.0,27.1,0.0,9.6,11,25,1,24000.0,24000.0,24000.0,23378.571428571428,23689.285714285714,22921.666666666668,1644.1454575901323,1162.5864023191502,-4350.0,24000.0,20000.0,86.0,48,22907.15498046961,23275.426528802163,24000.0,19650.0,4350.0
2025-11-26,19650.0,0.0,26.0,12.2,10.4,11,26,2,19650.0,24000.0,24000.0,22757.14285714286,23378.571428571428,22910.0,2122.582658663057,1579.6438602656478,-4350.0,24000.0,20000.0,89.19999999999999,48,22092.86623534122,22792.034430736458,24000.0,19650.0,4350.0
2025-11-27,19650.0,0.0,27.1,0.0,11.1,11,27,3,19650.0,24000.0,24000.0,22135.714285714286,23067.85714285714,22898.333333333332,2325.1728046380917,1852.296614274552,-4350.0,24000.0,20000.0,70.0,48,21482.14967649973,22373.09508386611,24000.0,19650.0,4350.0
2025-11-28,19650.0,0.0,27.4,0.0,9.0,11,28,4,19650.0,19650.0,24000.0,21514.285714285714,22757.14285714286,22886.666666666668,2325.1728046380936,2039.3114545825067,-4350.0,24000.0,20000.0,50.0,48,21024.112257371315,22010.014670691693,24000.0,19650.0,4350.0
2025-12-01,19650.0,0.0,27.5,0.0,8.7,12,1,0,19650.0,19650.0,24000.0,20892.85714285714,22446.428571428572,22875.0,2122.5826586630633,2163.01643773003,-4350.0,24000.0,20000.0,32.5,49,20680.584193026527,21695.345245251883,24000.0,19650.0,4350.0
2025-12-02,19650.0,0.0,26.8,4.0,11.5,12,2,1,19650.0,19650.0,24000.0,20271.428571428572,22135.714285714286,22863.333333333332,1644.145457590146,2233.9537709070073,-4350.0,24000.0,20000.0,18.9,49,20422.938144768796,21422.63194298285,24000.0,19650.0,4350.0
2025-12-03,19650.0,0.0,27.5,0.6,6.5,12,3,2,19650.0,19650.0,24000.0,19650.0,21825.0,22851.666666666668,0.0,2257.1041692330923,-4350.0,24000.0,20000.0,16.8,49,20229.70360857598,21186.280564405613,19650.0,19650.0,0.0
2025-12-04,19650.0,0.0,25.9,10.4,6.2,12,4,3,19650.0,19650.0,19650.0,19650.0,21514.285714285714,22840.0,0.0,2233.953770907002,0.0,24000.0,20000.0,27.2,49,20084.777706431636,20981.44281568058,19650.0,19650.0,0.0
2025-12-05,19650.0,0.0,26.4,0.5,6.4,12,5,4,19650.0,19650.0,19650.0,19650.0,21203.571428571428,22695.0,0.0,2163.016437730019,0.0,24000.0,24000.0,15.5,49,19976.08327982353,20803.916851442147,19650.0,19650.0,0.0
2025-12-08,19650.0,0.0,26.0,8.0,6.8,12,8,0,19650.0,19650.0,19650.0,19650.0,20892.85714285714,22550.0,0.0,2039.3114545824888,0.0,24000.0,24000.0,23.5,50,19894.56245986754,20650.061079355302,19650.0,19650.0,0.0
2025-12-09,19650.0,0.0,25.8,0.7,8.5,12,9,1,19650.0,19650.0,19650.0,19650.0,20582.14285714286,22405.0,0.0,1852.296614274526,0.0,24000.0,24000.0,24.2,50,19833.421844900593,20516.719457973846,19650.0,19650.0,0.0
2025-12-10,19650.0,0.0,26.7,3.6,9.5,12,10,2,19650.0,19650.0,19650.0,19650.0,20271.428571428572,22260.0,0.0,1579.6438602656103,0.0,24000.0,24000.0,27.8,50,19787.566383675407,20401.156755316657,19650.0,19650.0,0.0
2025-12-11,19650.0,0.0,26.7,0.1,4.1,12,11,3,19650.0,19650.0,19650.0,19650.0,19960.714285714286,22115.0,0.0,1162.58640231909,0.0,24000.0,24000.0,23.9,50,19753.174787756536,20301.002439958662,19650.0,19650.0,0.0
2025-12-12,19650.0,0.0,27.5,0.0,8.3,12,12,4,19650.0,19650.0,19650.0,19650.0,19650.0,21970.0,0.0,0.0,0.0,24000.0,24000.0,23.299999999999997,50,19727.38109081739,20214.202053553672,19650.0,19650.0,0.0
2025-12-15,19650.0,0.0,26.8,0.5,10.7,12,15,0,19650.0,19650.0,19650.0,19650.0,19650.0,21825.0,0.0,0.0,0.0,19650.0,24000.0,13.4,51,19708.035818113036,20138.97506720412,19650.0,19650.0,0.0
2025-12-16,19650.0,0.0,27.8,0.0,11.7,12,16,1,19650.0,19650.0,19650.0,19650.0,19650.0,21680.0,0.0,0.0,0.0,19650.0,24000.0,12.9,51,19693.52686358477,20073.778357119136,19650.0,19650.0,0.0
2025-12-17,19650.0,0.0,27.4,1.0,11.6,12,17,2,19650.0,19650.0,19650.0,19650.0,19650.0,21535.0,0.0,0.0,0.0,19650.0,24000.0,5.8999999999999995,51,19682.645147688578,20017.27455028831,19650.0,19650.0,0.0
2025-12-18,19650.0,0.0,26.8,20.4,12.2,12,18,3,19650.0,19650.0,19650.0,19650.0,19650.0,21390.0,0.0,0.0,0.0,19650.0,24000.0,25.599999999999998,51,19674.483860766435,19968.304590809912,19650.0,19650.0,0.0
2025-12-19,19650.0,0.0,26.8,1.7,15.1,12,19,4,19650.0,19650.0,19650.0,19650.0,19650.0,21245.0,0.0,0.0,0.0,19650.0,24000.0,23.7,51,19668.362895574825,19925.863964100357,19650.0,19650.0,0.0
2025-12-22,19650.0,0.0,26.3,17.5,14.8,12,22,0,19650.0,19650.0,19650.0,19650.0,19650.0,21100.0,0.0,0.0,0.0,19650.0,24000.0,41.099999999999994,52,19663.77217168112,19889.08209125291,19650.0,19650.0,0.0
2025-12-23,19650.0,0.0,26.2,2.7,8.5,12,23,1,19650.0,19650.0,19650.0,19650.0,19650.0,20955.0,0.0,0.0,0.0,19650.0,24000.0,43.8,52,19660.329128760837,19857.20447084812,19650.0,19650.0,0.0
2025-12-24,19650.0,0.0,26.3,8.7,14.2,12,24,2,19650.0,19650.0,19650.0,19650.0,19650.0,20810.0,0.0,0.0,0.0,19650.0,24000.0,52.0,52,19657.74684657063,19829.577201880915,19650.0,19650.0,0.0
2025-12-25,24350.0,4700.0,26.5,2.4,9.0,12,25,3,19650.0,19650.0,19650.0,20321.428571428572,19985.714285714286,20821.666666666668,1776.4330231433746,1256.1278369884355,4700.0,19650.0,24000.0,54.4,52,20830.81013492801,20432.300358618835,24350.0,19650.0,4700.0
2025-12-26,24350.0,0.0,25.8,6.8,12.3,12,26,4,24350.0,19650.0,19650.0,20992.85714285714,20321.428571428572,20833.333333333332,2293.3651714290563,1706.7416421260564,4700.0,19650.0,24000.0,60.199999999999996,52,21710.60760119603,20954.660398674507,24350.0,19650.0,4700.0
2025-12-29,24350.0,0.0,27.4,0.5,5.4,12,29,0,24350.0,19650.0,19650.0,21664.285714285714,20657.14285714286,20845.0,2512.255673976791,2001.3319740437362,4700.0,19650.0,24000.0,40.3,1,22370.455700897033,21407.372411519173,24350.0,19650.0,4700.0
2025-12-30,24350.0,0.0,27.5,3.5,10.0,12,30,1,24350.0,24350.0,19650.0,22335.714285714286,20992.85714285714,20856.666666666668,2512.25567397679,2203.39398541096,4700.0,19650.0,24000.0,42.099999999999994,1,22865.341775672783,21799.722806224236,24350.0,19650.0,4700.0
2025-12-31,24350.0,0.0,26.3,13.6,12.1,12,31,2,24350.0,24350.0,19650.0,23007.14285714286,21328.571428571428,20868.333333333332,2293.365171429052,2337.052243064613,4700.0,19650.0,24000.0,38.199999999999996,1,23236.50633175459,22139.759802630135,24350.0,19650.0,4700.0
2026-01-01,24350.0,0.0,26.5,22.1,13.4,1,1,3,24350.0,24350.0,19650.0,23678.571428571428,21664.285714285714,20880.0,1776.433023143365,2413.697177761582,4700.0,19650.0,24000.0,57.599999999999994,1,23514.879748815947,22434.458523581,24350.0,19650.0,4700.0
2026-01-02,24350.0,0.0,26.0,17.1,13.6,1,2,4,24350.0,24350.0,19650.0,24350.0,22000.0,20891.666666666668,0.0,2438.710251815058,4700.0,19650.0,24000.0,66.0,1,23723.659811611964,22689.86407477744,24350.0,24350.0,0.0
2026-01-05,24350.0,0.0,26.0,1.3,5.9,1,5,0,24350.0,24350.0,24350.0,24350.0,22335.714285714286,20903.333333333332,0.0,2413.697177761587,0.0,19650.0,24000.0,64.9,2,23880.24485870897,22911.215547252552,24350.0,24350.0,0.0
2026-01-06,24350.0,0.0,27.0,0.9,9.9,1,6,1,24350.0,24350.0,24350.0,24350.0,22671.428571428572,21060.0,0.0,2337.052243064623,0.0,19650.0,19650.0,59.00000000000001,2,23997.683644031727,23103.053486137153,24350.0,24350.0,0.0
2026-01-07,24350.0,0.0,26.9,1.2,9.5,1,7,2,24350.0,24350.0,24350.0,24350.0,23007.14285714286,21216.666666666668,0.0,2203.3939854109767,0.0,19650.0,19650.0,59.699999999999996,2,24085.762733023796,23269.31303022074,24350.0,24350.0,0.0
2026-01-08,24350.0,0.0,25.7,5.9,10.2,1,8,3,24350.0,24350.0,24350.0,24350.0,23342.85714285714,21373.333333333332,0.0,2001.3319740437603,0.0,19650.0,19650.0,62.10000000000001,2,24151.82204976785,23413.404632877606,24350.0,24350.0,0.0
2026-01-09,24350.0,0.0,25.3,26.4,9.8,1,9,4,24350.0,24350.0,24350.0,24350.0,23678.571428571428,21530.0,0.0,1706.7416421260918,0.0,19650.0,19650.0,74.9,2,24201.36653732589,23538.284020182746,24350.0,24350.0,0.0
2026-01-12,24350.0,0.0,25.5,4.2,25.3,1,12,0,24350.0,24350.0,24350.0,24350.0,24014.285714285714,21686.666666666668,0.0,1256.1278369884928,0.0,19650.0,19650.0,57.0,3,24238.524902994417,23646.512821263907,24350.0,24350.0,0.0
2026-01-13,24350.0,0.0,26.2,1.9,27.7,1,13,1,24350.0,24350.0,24350.0,24350.0,24350.0,21843.333333333332,0.0,0.0,0.0,19650.0,19650.0,41.8,3,24266.39367724581,23740.31111459539,24350.0,24350.0,0.0
2026-01-14,24350.0,0.0,25.3,37.5,21.0,1,14,2,24350.0,24350.0,24350.0,24350.0,24350.0,22000.0,0.0,0.0,0.0,24350.0,19650.0,78.0,3,24287.29525793436,23821.602968110823,24350.0,24350.0,0.0
2026-01-15,24350.0,0.0,25.2,19.1,19.8,1,15,3,24350.0,24350.0,24350.0,24350.0,24350.0,22156.666666666668,0.0,0.0,0.0,24350.0,19650.0,96.19999999999999,3,24302.97144345077,23892.055907294525,24350.0,24350.0,0.0
2026-01-16,24350.0,0.0,25.7,10.9,22.2,1,16,4,24350.0,24350.0,24350.0,24350.0,24350.0,22313.333333333332,0.0,0.0,0.0,24350.0,19650.0,105.89999999999999,3,24314.728582588075,23953.11512085589,24350.0,24350.0,0.0
2026-01-19,24350.0,0.0,25.9,12.7,15.5,1,19,0,24350.0,24350.0,24350.0,24350.0,24350.0,22470.0,0.0,0.0,0.0,24350.0,19650.0,112.7,4,24323.546436941055,24006.03310564358,24350.0,24350.0,0.0
2026-01-20,24350.0,0.0,26.1,1.7,22.2,1,20,1,24350.0,24350.0,24350.0,24350.0,24350.0,22626.666666666668,0.0,0.0,0.0,24350.0,19650.0,88.0,4,24330.15982770579,24051.895358901795,24350.0,24350.0,0.0
2026-01-21,24350.0,0.0,25.7,8.3,21.9,1,21,2,24350.0,24350.0,24350.0,24350.0,24350.0,22783.333333333332,0.0,0.0,0.0,24350.0,19650.0,92.1,4,24335.11987077934,24091.64264489033,24350.0,24350.0,0.0
2026-01-22,24350.0,0.0,25.2,15.5,26.5,1,22,3,24350.0,24350.0,24350.0,24350.0,24350.0,22940.0,0.0,0.0,0.0,24350.0,19650.0,105.7,4,24338.839903084503,24126.09029262043,24350.0,24350.0,0.0
2026-01-23,18250.0,-6100.0,25.0,22.7,18.6,1,23,4,24350.0,24350.0,24350.0,23478.571428571428,23914.285714285714,22893.333333333332,2305.5832853562843,1630.2935756658635,-6100.0,24350.0,19650.0,90.9,4,22816.629927313377,23342.611579405067,24350.0,18250.0,6100.0
2026-01-26,18250.0,0.0,26.6,0.8,23.9,1,26,0,18250.0,24350.0,24350.0,22607.14285714286,23478.571428571428,22846.666666666668,2976.4952224930253,2215.1327695678688,-6100.0,24350.0,19650.0,72.60000000000001,5,21674.972445485033,22663.59669649321,24350.0,18250.0,6100.0
2026-01-27,18250.0,0.0,25.4,19.1,21.9,1,27,1,18250.0,24350.0,24350.0,21735.714285714286,23042.85714285714,22800.0,3260.587151331577,2597.473413120594,-6100.0,24350.0,19650.0,80.8,5,20818.729334113774,22075.117132711108,24350.0,18250.0,6100.0
2026-01-28,18250.0,0.0,24.9,23.2,24.2,1,28,2,18250.0,18250.0,24350.0,20864.285714285714,22607.14285714286,22753.333333333332,3260.587151331577,2859.7241087248585,-6100.0,24350.0,19650.0,91.3,5,20176.54700058533,21565.101511824316,24350.0,18250.0,6100.0
2026-01-29,18250.0,0.0,25.9,1.8,18.0,1,29,3,18250.0,18250.0,24350.0,19992.85714285714,22171.428571428572,22706.666666666668,2976.4952224930253,3033.1954644029993,-6100.0,24350.0,19650.0,91.39999999999999,5,19694.910250439,21123.08797451688,24350.0,18250.0,6100.0
2026-01-30,18250.0,0.0,26.2,16.4,19.9,1,30,4,18250.0,18250.0,24350.0,19121.428571428572,21735.714285714286,22660.0,2305.583285356284,3132.670805179914,-6100.0,24350.0,19650.0,99.5,5,19333.68268782925,20740.009576113815,24350.0,18250.0,6100.0
2026-02-02,18250.0,0.0,25.6,11.2,16.8,2,2,0,18250.0,18250.0,24350.0,18250.0,21300.0,22613.333333333332,0.0,3165.1345821429327,-6100.0,24350.0,19650.0,95.19999999999999,6,19062.762015871936,20408.00829794603,18250.0,18250.0,0.0
2026-02-03,18250.0,0.0,25.5,2.4,13.0,2,3,1,18250.0,18250.0,18250.0,18250.0,20864.285714285714,22566.666666666668,0.0,3132.670805179914,0.0,24350.0,19650.0,74.9,6,18859.571511903952,20120.273857203934,18250.0,18250.0,0.0
2026-02-04,18250.0,0.0,25.2,17.5,11.6,2,4,2,18250.0,18250.0,18250.0,18250.0,20428.571428571428,22520.0,0.0,3033.1954644029993,0.0,24350.0,19650.0,91.6,6,18707.178633927964,19870.904008813646,18250.0,18250.0,0.0
2026-02-05,18250.0,0.0,26.2,5.2,16.7,2,5,3,18250.0,18250.0,18250.0,18250.0,19992.85714285714,22316.666666666668,0.0,2859.7241087248585,0.0,24350.0,24350.0,77.7,6,18592.883975445973,19654.783473731986,18250.0,18250.0,0.0
2026-02-06,18250.0,0.0,26.4,6.4,19.0,2,6,4,18250.0,18250.0,18250.0,18250.0,19557.14285714286,22113.333333333332,0.0,2597.473413120594,0.0,24350.0,24350.0,60.9,6,18507.16298158448,19467.479010137205,18250.0,18250.0,0.0
2026-02-09,18250.0,0.0,25.7,13.5,18.4,2,9,0,18250.0,18250.0,18250.0,18250.0,19121.428571428572,21910.0,0.0,2215.1327695678688,0.0,24350.0,24350.0,72.6,7,18442.87223618836,19305.14847512888,18250.0,18250.0,0.0
2026-02-10,18250.0,0.0,25.4,23.7,7.8,2,10,1,18250.0,18250.0,18250.0,18250.0,18685.714285714286,21706.666666666668,0.0,1630.2935756658637,0.0,24350.0,24350.0,79.89999999999999,7,18394.65417714127,19164.462011535477,18250.0,18250.0,0.0
2026-02-11,18250.0,0.0,25.3,25.7,8.0,2,11,2,18250.0,18250.0,18250.0,18250.0,18250.0,21503.333333333332,0.0,0.0,0.0,24350.0,24350.0,94.39999999999999,7,18358.490632855952,19042.533743148317,18250.0,18250.0,0.0
2026-02-12,18250.0,0.0,25.5,19.5,13.8,2,12,3,18250.0,18250.0,18250.0,18250.0,18250.0,21300.0,0.0,0.0,0.0,18250.0,24350.0,111.5,7,18331.367974641962,18936.862577258184,18250.0,18250.0,0.0
2026-02-13,18250.0,0.0,25.1,20.8,14.4,2,13,4,18250.0,18250.0,18250.0,18250.0,18250.0,21096.666666666668,0.0,0.0,0.0,18250.0,24350.0,114.8,7,18311.02598098147,18845.280900187503,18250.0,18250.0,0.0
2026-02-16,18250.0,0.0,26.3,10.9,18.2,2,16,0,18250.0,18250.0,18250.0,18250.0,18250.0,20893.333333333332,0.0,0.0,0.0,18250.0,24350.0,120.5,8,18295.769485736102,18765.91011341853,18250.0,18250.0,0.0
2026-02-17,18250.0,0.0,26.2,11.9,19.2,2,17,1,18250.0,18250.0,18250.0,18250.0,18250.0,20690.0,0.0,0.0,0.0,18250.0,24350.0,126.0,8,18284.327114302076,18697.122098237993,18250.0,18250.0,0.0
2026-02-18,18250.0,0.0,25.7,21.2,24.3,2,18,2,18250.0,18250.0,18250.0,18250.0,18250.0,20486.666666666668,0.0,0.0,0.0,18250.0,24350.0,133.70000000000002,8,18275.74533572656,18637.505818429316,18250.0,18250.0,0.0
2026-02-19,18250.0,0.0,26.3,1.9,20.3,2,19,3,18250.0,18250.0,18250.0,18250.0,18250.0,20283.333333333332,0.0,0.0,0.0,18250.0,24350.0,111.9,8,18269.309001794918,18585.838375939315,18250.0,18250.0,0.0
2026-02-20,18250.0,0.0,26.5,7.3,24.4,2,20,4,18250.0,18250.0,18250.0,18250.0,18250.0,20080.0,0.0,0.0,0.0,18250.0,24350.0,93.5,8,18264.481751346186,18541.05992578947,18250.0,18250.0,0.0
2026-02-23,18250.0,0.0,25.3,5.0,15.7,2,23,0,18250.0,18250.0,18250.0,18250.0,18250.0,19876.666666666668,0.0,0.0,0.0,18250.0,24350.0,79.0,9,18260.86131350964,18502.251935665725,18250.0,18250.0,0.0
2026-02-25,26750.0,8500.0,25.9,4.9,7.8,2,25,2,18250.0,18250.0,18250.0,19464.285714285714,18857.14285714286,19956.666666666668,3212.6980205784307,2271.7205562556596,8500.0,18250.0,24350.0,63.1,9,20383.14598513223,19601.95167803084,26750.0,18250.0,8500.0
2026-02-26,26750.0,0.0,24.5,8.0,10.8,2,26,3,26750.0,18250.0,18250.0,20678.571428571428,19464.285714285714,20036.666666666668,4147.575310031267,3086.660416610927,8500.0,18250.0,24350.0,60.199999999999996,9,21974.85948884917,20555.024787967643,26750.0,18250.0,8500.0
2026-02-27,26750.0,0.0,25.1,15.4,8.8,2,27,4,26750.0,18250.0,18250.0,21892.85714285714,20071.428571428572,20116.666666666668,4543.4411125112165,3619.430165823747,8500.0,18250.0,24350.0,63.7,9,23168.644616636877,21381.021483161352,26750.0,18250.0,8500.0
2026-03-02,26750.0,0.0,25.9,18.4,15.9,3,2,0,26750.0,26750.0,18250.0,23107.14285714286,20678.571428571428,20196.666666666668,4543.441112511219,3984.8614629772314,8500.0,18250.0,24350.0,60.89999999999999,10,24063.983462477656,22096.885285598837,26750.0,18250.0,8500.0
2026-03-03,26750.0,0.0,25.6,20.5,17.9,3,3,1,26750.0,26750.0,18250.0,24321.428571428572,21285.714285714286,20276.666666666668,4147.575310031272,4226.583843840214,8500.0,18250.0,24350.0,79.5,10,24735.487596858246,22717.300580996787,26750.0,18250.0,8500.0
2026-03-04,26750.0,0.0,25.9,12.9,24.1,3,4,2,26750.0,26750.0,18250.0,25535.714285714286,21892.85714285714,20356.666666666668,3212.698020578443,4365.197023611324,8500.0,18250.0,24350.0,85.1,10,25239.115697643687,23254.993836972393,26750.0,18250.0,8500.0
2026-03-05,26750.0,0.0,26.4,3.6,21.1,3,5,3,26750.0,26750.0,18250.0,26750.0,22500.0,20436.666666666668,0.0,4410.433434133561,8500.0,18250.0,24350.0,83.7,10,25616.836773232768,23720.99465879091,26750.0,26750.0,0.0
2026-03-06,26750.0,0.0,26.8,1.3,24.8,3,6,4,26750.0,26750.0,26750.0,26750.0,23107.14285714286,20516.666666666668,0.0,4365.197023611317,0.0,18250.0,24350.0,80.1,10,25900.127579924578,24124.862037680006,26750.0,26750.0,0.0
2026-03-09,26750.0,0.0,26.1,10.9,8.3,3,9,0,26750.0,26750.0,26750.0,26750.0,23714.285714285714,20800.0,0.0,4226.583843840201,0.0,18250.0,18250.0,83.0,11,26112.595684943433,24474.880432701986,26750.0,26750.0,0.0
2026-03-10,26750.0,0.0,26.1,0.7,9.3,3,10,1,26750.0,26750.0,26750.0,26750.0,24321.428571428572,21083.333333333332,0.0,3984.86146297721,0.0,18250.0,18250.0,68.3,11,26271.946763707576,24778.229708376257,26750.0,26750.0,0.0
2026-03-11,26750.0,0.0,25.8,0.4,9.4,3,11,2,26750.0,26750.0,26750.0,26750.0,24928.571428571428,21366.666666666668,0.0,3619.430165823715,0.0,18250.0,18250.0,50.3,11,26391.460072780683,25041.13241395203,26750.0,26750.0,0.0
2026-03-12,26750.0,0.0,25.9,0.7,7.7,3,12,3,26750.0,26750.0,26750.0,26750.0,25535.714285714286,21650.0,0.0,3086.6604166108805,0.0,18250.0,18250.0,30.5,11,26481.095054585512,25268.981425444574,26750.0,26750.0,0.0
2026-03-13,26750.0,0.0,26.3,0.4,9.6,3,13,4,26750.0,26750.0,26750.0,26750.0,26142.85714285714,21933.333333333332,0.0,2271.720556255585,0.0,18250.0,18250.0,18.000000000000004,11,26548.321290939137,25466.450568733264,26750.0,26750.0,0.0
2026-03-16,26750.0,0.0,25.7,13.9,15.2,3,16,0,26750.0,26750.0,26750.0,26750.0,26750.0,22216.666666666668,0.0,0.0,0.0,18250.0,18250.0,28.3,12,26598.740968204354,25637.590492913154,26750.0,26750.0,0.0
2026-03-17,26750.0,0.0,25.9,8.2,10.1,3,17,1,26750.0,26750.0,26750.0,26750.0,26750.0,22500.0,0.0,0.0,0.0,26750.0,18250.0,35.2,12,26636.555726153267,25785.91176053299,26750.0,26750.0,0.0
2026-03-18,26750.0,0.0,26.2,0.0,13.8,3,18,2,26750.0,26750.0,26750.0,26750.0,26750.0,22783.333333333332,0.0,0.0,0.0,26750.0,18250.0,24.3,12,26664.91679461495,25914.456859134792,26750.0,26750.0,0.0
2026-03-19,26750.0,0.0,26.6,0.2,13.6,3,19,3,26750.0,26750.0,26750.0,26750.0,26750.0,23066.666666666668,0.0,0.0,0.0,26750.0,18250.0,23.799999999999997,12,26686.187595961215,26025.86261125481,26750.0,26750.0,0.0
2026-03-20,26750.0,0.0,26.6,0.1,8.4,3,20,4,26750.0,26750.0,26750.0,26750.0,26750.0,23350.0,0.0,0.0,0.0,26750.0,18250.0,23.5,12,26702.140696970913,26122.414263091003,26750.0,26750.0,0.0
2026-03-23,26750.0,0.0,27.4,0.0,10.2,3,23,0,26750.0,26750.0,26750.0,26750.0,26750.0,23633.333333333332,0.0,0.0,0.0,26750.0,18250.0,22.8,13,26714.105522728187,26206.09236134816,26750.0,26750.0,0.0
2026-03-24,26750.0,0.0,26.0,9.5,9.5,3,24,1,26750.0,26750.0,26750.0,26750.0,26750.0,23916.666666666668,0.0,0.0,0.0,26750.0,18250.0,31.9,13,26723.079142046143,26278.613379837047,26750.0,26750.0,0.0
2026-03-25,17000.0,-9750.0,26.5,5.0,14.3,3,25,2,26750.0,26750.0,26750.0,25357.14285714286,26053.571428571428,23875.0,3685.1536118399754,2605.7971086461193,-9750.0,26750.0,18250.0,23.0,13,24292.309356534606,25041.464929162925,26750.0,17000.0,9750.0
2026-03-26,17000.0,0.0,25.8,11.9,16.0,3,26,3,17000.0,26750.0,26750.0,23964.285714285714,25357.14285714286,23833.333333333332,4757.512855624104,3540.5810661124847,-9750.0,26750.0,18250.0,26.700000000000003,13,22469.232017400955,23969.269605252615,26750.0,17000.0,9750.0
2026-03-27,17000.0,0.0,26.4,9.3,12.4,3,27,4,17000.0,26750.0,26750.0,22571.428571428572,24660.714285714286,23791.666666666668,5211.594217292278,4151.6993078566165,-9750.0,26750.0,18250.0,36.0,13,21101.924013050713,23040.033657869135,26750.0,17000.0,9750.0
2026-03-30,17000.0,0.0,26.1,4.4,9.6,3,30,0,17000.0,17000.0,26750.0,21178.571428571428,23964.285714285714,23750.0,5211.594217292277,4570.87050165033,-9750.0,26750.0,18250.0,40.2,14,20076.443009788036,22234.69583680755,26750.0,17000.0,9750.0
2026-03-31,17000.0,0.0,26.4,2.3,8.0,3,31,1,17000.0,17000.0,26750.0,19785.714285714286,23267.85714285714,23708.333333333332,4757.512855624099,4848.14029146376,-9750.0,26750.0,18250.0,42.400000000000006,14,19307.332257341026,21536.736391890587,26750.0,17000.0,9750.0
2026-04-01,17000.0,0.0,27.1,0.0,18.3,4,1,2,17000.0,17000.0,26750.0,18392.85714285714,22571.428571428572,23666.666666666668,3685.1536118399613,5007.137762377686,-9750.0,26750.0,18250.0,42.400000000000006,14,18730.49919300577,20931.838206298202,26750.0,17000.0,9750.0
2026-04-02,17000.0,0.0,26.4,1.8,11.4,4,2,3,17000.0,17000.0,26750.0,17000.0,21875.0,23625.0,0.0,5059.026586212024,-9750.0,26750.0,18250.0,34.7,14,18297.874394754326,20407.593112119866,17000.0,17000.0,0.0
2026-04-03,17000.0,0.0,26.2,8.7,10.8,4,3,4,17000.0,17000.0,17000.0,17000.0,21178.571428571428,23583.333333333332,0.0,5007.137762377693,0.0,26750.0,18250.0,38.4,14,17973.405796065745,19953.24736383328,17000.0,17000.0,0.0
2026-04-06,17000.0,0.0,26.7,4.0,14.9,4,6,0,17000.0,17000.0,17000.0,17000.0,20482.14285714286,23541.666666666668,0.0,4848.140291463773,0.0,26750.0,18250.0,30.5,15,17730.05434704931,19559.481048652553,17000.0,17000.0,0.0
2026-04-07,17000.0,0.0,26.7,8.4,21.3,4,7,1,17000.0,17000.0,17000.0,17000.0,19785.714285714286,23500.0,0.0,4570.870501650351,0.0,26750.0,18250.0,29.599999999999998,15,17547.540760286982,19218.216908829992,17000.0,17000.0,0.0
2026-04-08,17000.0,0.0,26.5,27.4,12.3,4,8,2,17000.0,17000.0,17000.0,17000.0,19089.285714285714,23175.0,0.0,4151.699307856647,0.0,26750.0,26750.0,52.599999999999994,15,17410.655570215236,18922.45465431766,17000.0,17000.0,0.0
2026-04-09,17000.0,0.0,26.2,22.0,10.3,4,9,3,17000.0,17000.0,17000.0,17000.0,18392.85714285714,22850.0,0.0,3540.581066112529,0.0,26750.0,26750.0,72.3,15,17307.991677661426,18666.127367074052,17000.0,17000.0,0.0
2026-04-10,17000.0,0.0,26.4,3.3,7.7,4,10,4,17000.0,17000.0,17000.0,17000.0,17696.428571428572,22525.0,0.0,2605.7971086461907,0.0,26750.0,26750.0,75.6,15,17230.99375824607,18443.97705146324,17000.0,17000.0,0.0
2026-04-13,17000.0,0.0,27.3,0.0,7.4,4,13,0,17000.0,17000.0,17000.0,17000.0,17000.0,22200.0,0.0,0.0,0.0,26750.0,26750.0,73.8,16,17173.245318684552,18251.446777934103,17000.0,17000.0,0.0
2026-04-14,17000.0,0.0,27.6,0.1,10.7,4,14,1,17000.0,17000.0,17000.0,17000.0,17000.0,21875.0,0.0,0.0,0.0,17000.0,26750.0,65.2,16,17129.933989013414,18084.58720754236,17000.0,17000.0,0.0
2026-04-15,17000.0,0.0,27.1,0.1,16.5,4,15,2,17000.0,17000.0,17000.0,17000.0,17000.0,21550.0,0.0,0.0,0.0,17000.0,26750.0,61.3,16,17097.45049176006,17939.97557986965,17000.0,17000.0,0.0
2026-04-16,17000.0,0.0,27.1,0.6,13.5,4,16,3,17000.0,17000.0,17000.0,17000.0,17000.0,21225.0,0.0,0.0,0.0,17000.0,26750.0,53.49999999999999,16,17073.087868820043,17814.645502553398,17000.0,17000.0,0.0
2026-04-17,17000.0,0.0,27.5,0.0,11.2,4,17,4,17000.0,17000.0,17000.0,17000.0,17000.0,20900.0,0.0,0.0,0.0,17000.0,26750.0,26.1,16,17054.81590161503,17706.026102212716,17000.0,17000.0,0.0
2026-04-20,17000.0,0.0,27.8,0.0,11.0,4,20,0,17000.0,17000.0,17000.0,17000.0,17000.0,20575.0,0.0,0.0,0.0,17000.0,26750.0,4.1,17,17041.111926211273,17611.889288584185,17000.0,17000.0,0.0
2026-04-21,17000.0,0.0,27.7,2.0,14.3,4,21,1,17000.0,17000.0,17000.0,17000.0,17000.0,20250.0,0.0,0.0,0.0,17000.0,26750.0,2.8,17,17030.833944658454,17530.304050106166,17000.0,17000.0,0.0
2026-04-22,17000.0,0.0,25.6,28.2,10.4,4,22,2,17000.0,17000.0,17000.0,17000.0,17000.0,19925.0,0.0,0.0,0.0,17000.0,26750.0,31.0,17,17023.12545849384,17459.59684342525,17000.0,17000.0,0.0
2026-04-23,17000.0,0.0,26.5,7.9,15.4,4,23,3,17000.0,17000.0,17000.0,17000.0,17000.0,19600.0,0.0,0.0,0.0,17000.0,26750.0,38.8,17,17017.34409387038,17398.31726430181,17000.0,17000.0,0.0
2026-04-24,21500.0,4500.0,28.0,0.7,8.3,4,24,4,17000.0,17000.0,17000.0,17642.85714285714,17321.428571428572,19425.0,1700.8401285415105,1202.6755886060307,4500.0,17000.0,26750.0,39.4,17,18138.008070402782,17945.20829572879,21500.0,17000.0,4500.0
2026-04-27,21500.0,0.0,26.8,0.3,9.8,4,27,0,21500.0,17000.0,17000.0,18285.714285714286,17642.85714285714,19250.0,2195.7751641341924,1634.1143382058522,4500.0,17000.0,26750.0,39.1,18,18978.506052802088,18419.180522965366,21500.0,17000.0,4500.0
2026-04-28,21500.0,0.0,27.2,10.1,9.6,4,28,1,21500.0,17000.0,17000.0,18928.571428571428,17964.285714285714,19075.0,2405.351177211815,1916.1689113185103,4500.0,17000.0,26750.0,49.2,18,19608.879539601567,18829.95645323696,21500.0,17000.0,4500.0
2026-04-29,21500.0,0.0,26.7,1.4,9.0,4,29,2,21500.0,21500.0,17000.0,19571.428571428572,18285.714285714286,18900.0,2405.351177211817,2109.6325392232898,4500.0,17000.0,26750.0,50.6,18,20081.659654701176,19185.962259472264,21500.0,17000.0,4500.0
2026-04-30,21500.0,0.0,26.6,24.7,10.0,4,30,3,21500.0,21500.0,17000.0,20214.285714285714,18607.14285714286,18725.0,2195.775164134199,2237.603211444865,4500.0,17000.0,26750.0,73.3,18,20436.24474102588,19494.500624876142,21500.0,17000.0,4500.0
2026-05-01,21500.0,0.0,27.0,0.8,18.6,5,1,4,21500.0,21500.0,17000.0,20857.14285714286,18928.571428571428,18550.0,1700.8401285415243,2310.986659558979,4500.0,17000.0,26750.0,45.9,18,20702.18355576941,19761.900541559455,21500.0,17000.0,4500.0
2026-05-04,21500.0,0.0,27.8,0.6,14.7,5,4,0,21500.0,21500.0,17000.0,21500.0,19250.0,18375.0,0.0,2334.9353474825143,4500.0,17000.0,26750.0,38.6,19,20901.637666827057,19993.647136018295,21500.0,21500.0,0.0
2026-05-05,21500.0,0.0,27.9,0.0,12.6,5,5,1,21500.0,21500.0,21500.0,21500.0,19571.428571428572,18200.0,0.0,2310.9866595589724,0.0,17000.0,26750.0,37.9,19,21051.22825012029,20194.494184549265,21500.0,21500.0,0.0
2026-05-06,21500.0,0.0,27.6,0.1,13.9,5,6,2,21500.0,21500.0,21500.0,21500.0,19892.85714285714,18350.0,0.0,2237.6032114448517,0.0,17000.0,17000.0,37.7,19,21163.421187590215,20368.56162660942,21500.0,21500.0,0.0
2026-05-07,21500.0,0.0,27.8,0.0,14.6,5,7,3,21500.0,21500.0,21500.0,21500.0,20214.285714285714,18500.0,0.0,2109.6325392232684,0.0,17000.0,17000.0,27.599999999999998,19,21247.56589069266,20519.420076394872,21500.0,21500.0,0.0
2026-05-08,21500.0,0.0,28.5,0.1,21.7,5,8,4,21500.0,21500.0,21500.0,21500.0,20535.714285714286,18650.0,0.0,1916.1689113184784,0.0,17000.0,17000.0,26.3,19,21310.67441801949,20650.164066208923,21500.0,21500.0,0.0
2026-05-11,21500.0,0.0,27.8,0.5,12.1,5,11,0,21500.0,21500.0,21500.0,21500.0,20857.14285714286,18800.0,0.0,1634.114338205806,0.0,17000.0,17000.0,2.1,20,21358.005813514617,20763.475524047757,21500.0,21500.0,0.0
2026-05-12,21500.0,0.0,28.2,0.1,12.1,5,12,1,21500.0,21500.0,21500.0,21500.0,21178.571428571428,18950.0,0.0,1202.6755886059568,0.0,17000.0,17000.0,1.4,20,21393.50436013596,20861.678787508074,21500.0,21500.0,0.0
2026-05-13,21500.0,0.0,27.8,0.1,14.0,5,13,2,21500.0,21500.0,21500.0,21500.0,21500.0,19100.0,0.0,0.0,0.0,17000.0,17000.0,0.9,20,21420.12827010197,20946.78828250701,21500.0,21500.0,0.0
2026-05-14,21500.0,0.0,27.7,1.2,8.1,5,14,3,21500.0,21500.0,21500.0,21500.0,21500.0,19250.0,0.0,0.0,0.0,21500.0,17000.0,2.1,20,21440.09620257648,21020.549844839417,21500.0,21500.0,0.0
2026-05-15,21500.0,0.0,27.7,2.2,12.1,5,15,4,21500.0,21500.0,21500.0,21500.0,21500.0,19400.0,0.0,0.0,0.0,21500.0,17000.0,4.2,20,21455.07215193236,21084.476532194167,21500.0,21500.0,0.0
2026-05-18,21500.0,0.0,27.3,0.0,13.5,5,18,0,21500.0,21500.0,21500.0,21500.0,21500.0,19550.0,0.0,0.0,0.0,21500.0,17000.0,4.2,21,21466.304113949267,21139.87966123495,21500.0,21500.0,0.0
2026-05-19,21500.0,0.0,26.9,1.5,10.9,5,19,1,21500.0,21500.0,21500.0,21500.0,21500.0,19700.0,0.0,0.0,0.0,21500.0,17000.0,5.6000000000000005,21,21474.72808546195,21187.89570640363,21500.0,21500.0,0.0
2026-05-20,21500.0,0.0,27.4,2.4,9.9,5,20,2,21500.0,21500.0,21500.0,21500.0,21500.0,19850.0,0.0,0.0,0.0,21500.0,17000.0,7.5,21,21481.046064096463,21229.50961221648,21500.0,21500.0,0.0
2026-05-21,21500.0,0.0,27.8,3.2,6.4,5,21,3,21500.0,21500.0,21500.0,21500.0,21500.0,20000.0,0.0,0.0,0.0,21500.0,17000.0,10.6,21,21485.784548072344,21265.574997254287,21500.0,21500.0,0.0
2026-05-22,21500.0,0.0,27.1,1.6,5.3,5,22,4,21500.0,21500.0,21500.0,21500.0,21500.0,20150.0,0.0,0.0,0.0,21500.0,17000.0,12.100000000000001,21,21489.338411054257,21296.831664287052,21500.0,21500.0,0.0
2026-05-25,28000.0,6500.0,26.7,1.1,14.4,5,25,0,21500.0,21500.0,21500.0,22428.571428571428,21964.285714285714,20516.666666666668,2456.7690745599825,1737.1980724307812,6500.0,21500.0,17000.0,12.000000000000002,22,23117.003808290694,22190.587442382155,28000.0,21500.0,6500.0
2026-05-26,28000.0,0.0,27.2,0.1,14.6,5,26,1,28000.0,21500.0,21500.0,23357.14285714286,22428.571428571428,20883.333333333332,3171.675237082739,2360.3873774083418,6500.0,21500.0,17000.0,9.9,22,24337.75285621802,22965.1757833979,28000.0,21500.0,6500.0
2026-05-27,28000.0,0.0,27.0,0.0,8.3,5,27,2,28000.0,21500.0,21500.0,24285.714285714286,22892.85714285714,21250.0,3474.396144861524,2767.7995385710874,6500.0,21500.0,17000.0,9.9,22,25253.314642163517,23636.48567894487,28000.0,21500.0,6500.0
2026-05-28,28000.0,0.0,27.3,0.0,15.5,5,28,3,28000.0,28000.0,21500.0,25214.285714285714,23357.14285714286,21616.666666666668,3474.3961448615264,3047.247001100223,6500.0,21500.0,17000.0,8.4,22,25939.985981622638,24218.287588418905,28000.0,21500.0,6500.0
2026-05-29,28000.0,0.0,27.1,0.0,15.2,5,29,4,28000.0,28000.0,21500.0,26142.85714285714,23821.428571428572,21983.333333333332,3171.6752370827458,3232.0935276425043,6500.0,21500.0,17000.0,6.0,22,26454.98948621698,24722.515909963065,28000.0,21500.0,6500.0
2026-06-01,28000.0,0.0,26.5,0.0,14.9,6,1,0,28000.0,28000.0,21500.0,27071.428571428572,24285.714285714286,22350.0,2456.769074559998,3338.0918415851174,6500.0,21500.0,17000.0,2.8000000000000003,23,26841.242114662735,25159.513788634667,28000.0,21500.0,6500.0
2026-06-02,28000.0,0.0,26.8,0.0,14.0,6,2,1,28000.0,28000.0,21500.0,28000.0,24750.0,22716.666666666668,0.0,3372.684390808004,6500.0,21500.0,17000.0,1.2000000000000002,23,27130.931585997052,25538.24528348339,28000.0,28000.0,0.0
2026-06-03,28000.0,0.0,27.3,0.0,17.5,6,3,2,28000.0,28000.0,28000.0,28000.0,25214.285714285714,23083.333333333332,0.0,3338.091841585111,0.0,21500.0,17000.0,0.1,23,27348.19868949779,25866.479245685612,28000.0,28000.0,0.0
2026-06-04,28000.0,0.0,27.3,0.0,17.6,6,4,3,28000.0,28000.0,28000.0,28000.0,25678.571428571428,23450.0,0.0,3232.0935276424916,0.0,21500.0,17000.0,0.0,23,27511.14901712334,26150.9486795942,28000.0,28000.0,0.0
2026-06-05,28000.0,0.0,27.4,0.0,13.2,6,5,4,28000.0,28000.0,28000.0,28000.0,26142.85714285714,23666.666666666668,0.0,3047.2470011002033,0.0,21500.0,21500.0,0.0,23,27633.36176284251,26397.48885564831,28000.0,28000.0,0.0
2026-06-08,28000.0,0.0,26.2,0.0,11.3,6,8,0,28000.0,28000.0,28000.0,28000.0,26607.14285714286,23883.333333333332,0.0,2767.799538571058,0.0,21500.0,21500.0,0.0,24,27725.021322131885,26611.157008228536,28000.0,28000.0,0.0
2026-06-09,28000.0,0.0,25.9,0.0,14.3,6,9,1,28000.0,28000.0,28000.0,28000.0,27071.428571428572,24100.0,0.0,2360.3873774082986,0.0,21500.0,21500.0,0.0,24,27793.765991598913,26796.336073798066,28000.0,28000.0,0.0
2026-06-10,28000.0,0.0,25.8,0.2,10.9,6,10,2,28000.0,28000.0,28000.0,28000.0,27535.714285714286,24316.666666666668,0.0,1737.1980724307107,0.0,21500.0,21500.0,0.2,24,27845.324493699187,26956.82459729166,28000.0,28000.0,0.0
2026-06-11,28000.0,0.0,25.7,0.0,6.7,6,11,3,28000.0,28000.0,28000.0,28000.0,28000.0,24533.333333333332,0.0,0.0,0.0,21500.0,21500.0,0.2,24,27883.99337027439,27095.914650986106,28000.0,28000.0,0.0
2026-06-12,28000.0,0.0,25.5,4.3,10.4,6,12,4,28000.0,28000.0,28000.0,28000.0,28000.0,24750.0,0.0,0.0,0.0,28000.0,21500.0,4.5,24,27912.995027705794,27216.459364187962,28000.0,28000.0,0.0
2026-06-15,28000.0,0.0,27.1,0.0,16.9,6,15,0,28000.0,28000.0,28000.0,28000.0,28000.0,24966.666666666668,0.0,0.0,0.0,28000.0,21500.0,4.5,25,27934.746270779346,27320.9314489629,28000.0,28000.0,0.0
2026-06-16,28000.0,0.0,26.6,0.0,12.3,6,16,1,28000.0,28000.0,28000.0,28000.0,28000.0,25183.333333333332,0.0,0.0,0.0,28000.0,21500.0,4.5,25,27951.05970308451,27411.473922434514,28000.0,28000.0,0.0
2026-06-17,28000.0,0.0,25.8,0.0,11.3,6,17,2,28000.0,28000.0,28000.0,28000.0,28000.0,25400.0,0.0,0.0,0.0,28000.0,21500.0,4.5,25,27963.294777313382,27489.944066109914,28000.0,28000.0,0.0
2026-06-18,28000.0,0.0,26.1,0.0,12.7,6,18,3,28000.0,28000.0,28000.0,28000.0,28000.0,25616.666666666668,0.0,0.0,0.0,28000.0,21500.0,4.5,25,27972.471082985037,27557.95152396193,28000.0,28000.0,0.0
2026-06-19,28000.0,0.0,26.6,0.0,15.0,6,19,4,28000.0,28000.0,28000.0,28000.0,28000.0,25833.333333333332,0.0,0.0,0.0,28000.0,21500.0,4.3,25,27979.353312238778,27616.891320767005,28000.0,28000.0,0.0
2026-06-22,28000.0,0.0,27.2,0.3,10.0,6,22,0,28000.0,28000.0,28000.0,28000.0,28000.0,26050.0,0.0,0.0,0.0,28000.0,21500.0,4.6,26,27984.514984179084,27667.97247799807,28000.0,28000.0,0.0
2026-06-23,28000.0,0.0,27.5,0.0,8.7,6,23,1,28000.0,28000.0,28000.0,28000.0,28000.0,26266.666666666668,0.0,0.0,0.0,28000.0,21500.0,0.3,26,27988.386238134313,27712.242814264995,28000.0,28000.0,0.0
2026-06-24,28000.0,0.0,27.1,0.7,14.6,6,24,2,28000.0,28000.0,28000.0,28000.0,28000.0,26483.333333333332,0.0,0.0,0.0,28000.0,21500.0,1.0,26,27991.289678600737,27750.61043902966,28000.0,28000.0,0.0
2026-06-25,25250.0,-2750.0,27.0,0.2,14.2,6,25,3,28000.0,28000.0,28000.0,27607.14285714286,27803.571428571428,26608.333333333332,1039.4023007754286,734.9684152590467,-2750.0,28000.0,21500.0,1.2,26,27305.967258950554,27417.195713825706,28000.0,25250.0,2750.0
2026-06-26,25250.0,0.0,27.2,0.2,11.6,6,26,4,25250.0,28000.0,28000.0,27214.285714285714,27607.14285714286,26733.333333333332,1341.8626003042696,998.6254289034397,-2750.0,28000.0,21500.0,1.4,26,26791.975444212916,27128.23628531561,28000.0,25250.0,2750.0
2026-06-29,25250.0,0.0,25.8,0.0,18.3,6,29,0,25250.0,28000.0,28000.0,26821.428571428572,27410.714285714286,26858.333333333332,1469.9368305183623,1170.992112472312,-2750.0,28000.0,21500.0,1.4,27,26406.48158315969,26877.80478060686,28000.0,25250.0,2750.0
2026-06-30,25250.0,0.0,24.8,0.0,14.9,6,30,1,25250.0,25250.0,28000.0,26428.571428571428,27214.285714285714,26983.333333333332,1469.9368305183566,1289.2198850808043,-2750.0,28000.0,21500.0,1.4,27,26117.36118736977,26660.76414319261,28000.0,25250.0,2750.0
2026-07-01,25250.0,0.0,24.8,0.0,13.1,7,1,2,25250.0,25250.0,28000.0,26035.714285714286,27017.85714285714,27108.333333333332,1341.8626003042507,1367.4241847717776,-2750.0,28000.0,21500.0,1.1,27,25900.52089052733,26472.662257433596,28000.0,25250.0,2750.0
2026-07-02,25250.0,0.0,25.7,0.0,10.9,7,2,3,25250.0,25250.0,28000.0,25642.85714285714,26821.428571428572,27233.333333333332,1039.4023007753879,1412.2696252859662,-2750.0,28000.0,21500.0,1.1,27,25737.8906678955,26309.640623109117,28000.0,25250.0,2750.0
2026-07-03,25250.0,0.0,25.9,0.0,14.9,7,3,4,25250.0,25250.0,28000.0,25250.0,26625.0,27358.333333333332,0.0,1426.9049345725773,-2750.0,28000.0,21500.0,0.4,27,25615.918000921625,26168.355206694567,25250.0,25250.0,0.0
2026-07-06,25250.0,0.0,26.9,0.0,18.1,7,6,0,25250.0,25250.0,25250.0,25250.0,26428.571428571428,27266.666666666668,0.0,1412.2696252859728,0.0,28000.0,28000.0,0.2,28,25524.43850069122,26045.907845801958,25250.0,25250.0,0.0
2026-07-07,25250.0,0.0,26.7,0.0,20.7,7,7,1,25250.0,25250.0,25250.0,25250.0,26232.14285714286,27175.0,0.0,1367.4241847717913,0.0,28000.0,28000.0,0.0,28,25455.828875518415,25939.78679969503,25250.0,25250.0,0.0
2026-07-08,25250.0,0.0,26.8,0.0,21.3,7,8,2,25250.0,25250.0,25250.0,25250.0,26035.714285714286,27083.333333333332,0.0,1289.2198850808254,0.0,28000.0,28000.0,0.0,28,25404.371656638814,25847.81522640236,25250.0,25250.0,0.0
2026-07-09,25250.0,0.0,26.2,0.0,18.6,7,9,3,25250.0,25250.0,25250.0,25250.0,25839.285714285714,26991.666666666668,0.0,1170.9921124723428,0.0,28000.0,28000.0,0.0,28,25365.778742479113,25768.106529548713,25250.0,25250.0,0.0
2026-07-10,25250.0,0.0,25.9,0.0,16.2,7,10,4,25250.0,25250.0,25250.0,25250.0,25642.85714285714,26900.0,0.0,998.6254289034842,0.0,28000.0,28000.0,0.0,28,25336.834056859338,25699.02565894222,25250.0,25250.0,0.0
2026-07-13,25250.0,0.0,25.9,0.0,10.8,7,13,0,25250.0,25250.0,25250.0,25250.0,25446.428571428572,26808.333333333332,0.0,734.9684152591187,0.0,28000.0,28000.0,0.0,29,25315.125542644506,25639.155571083258,25250.0,25250.0,0.0
2026-07-14,25250.0,0.0,26.1,0.0,15.1,7,14,1,25250.0,25250.0,25250.0,25250.0,25250.0,26716.666666666668,0.0,0.0,0.0,28000.0,28000.0,0.0,29,25298.84415698338,25587.26816160549,25250.0,25250.0,0.0
2026-07-15,25250.0,0.0,25.9,0.0,11.3,7,15,2,25250.0,25250.0,25250.0,25250.0,25250.0,26625.0,0.0,0.0,0.0,25250.0,28000.0,0.0,29,25286.633117737536,25542.299073391427,25250.0,25250.0,0.0
2026-07-16,25250.0,0.0,26.3,0.0,11.5,7,16,3,25250.0,25250.0,25250.0,25250.0,25250.0,26533.333333333332,0.0,0.0,0.0,25250.0,28000.0,0.0,29,25277.474838303155,25503.325863605904,25250.0,25250.0,0.0
2026-07-17,25250.0,0.0,26.3,0.0,14.4,7,17,4,25250.0,25250.0,25250.0,25250.0,25250.0,26441.666666666668,0.0,0.0,0.0,25250.0,28000.0,0.0,29,25270.606128727366,25469.54908179178,25250.0,25250.0,0.0
2026-07-20,25250.0,0.0,26.9,0.0,19.0,7,20,0,25250.0,25250.0,25250.0,25250.0,25250.0,26350.0,0.0,0.0,0.0,25250.0,28000.0,0.0,30,25265.454596545525,25440.275870886213,25250.0,25250.0,0.0
2026-07-21,25250.0,0.0,26.7,0.0,23.0,7,21,1,25250.0,25250.0,25250.0,25250.0,25250.0,26258.333333333332,0.0,0.0,0.0,25250.0,28000.0,0.0,30,25261.590947409146,25414.905754768053,25250.0,25250.0,0.0
2026-07-22,25250.0,0.0,25.8,0.0,26.6,7,22,2,25250.0,25250.0,25250.0,25250.0,25250.0,26166.666666666668,0.0,0.0,0.0,25250.0,28000.0,0.0,30,25258.69321055686,25392.918320798977,25250.0,25250.0,0.0
2026-07-23,25250.0,0.0,26.0,0.0,26.5,7,23,3,25250.0,25250.0,25250.0,25250.0,25250.0,26075.0,0.0,0.0,0.0,25250.0,28000.0,0.0,30,25256.519907917645,25373.862544692445,25250.0,25250.0,0.0
2026-07-24,17500.0,-7750.0,26.0,0.0,27.1,7,24,4,25250.0,25250.0,25250.0,24142.85714285714,24696.428571428572,25725.0,2929.2246658215013,2071.2746248212798,-7750.0,25250.0,28000.0,0.0,30,23317.389930938232,24324.014205400123,25250.0,17500.0,7750.0
